artist_id,artist,artwork_id,categories,styles,medium,orientation
3969,Marcos Zrihen,1272935,"fantasy,marine,nature",minimalism,painting,landscape
3969,Marcos Zrihen,288611,"fantasy,marine",minimalism,painting,landscape
3969,Marcos Zrihen,1551629,"fantasy,fashion,landscape,nature",minimalism,painting,landscape
3969,Marcos Zrihen,1078637,"fantasy,marine,nature",minimalism,painting,portait
3969,Marcos Zrihen,1078627,"genre_painting,nature","figurative,minimalism",painting,portait
3969,Marcos Zrihen,1076723,"fantasy,genre_painting,nature","figurative,minimalism",painting,portait
3969,Marcos Zrihen,1076687,"fantasy,nature",minimalism,painting,portait
3969,Marcos Zrihen,1557009,"fantasy,landscape,marine,nature",minimalism,painting,portait
3969,Marcos Zrihen,1069675,"conceptual,fantasy,genre_painting,nature","figurative,minimalism",painting,landscape
3969,Marcos Zrihen,1066435,"fantasy,nature",minimalism,painting,portait
3969,Marcos Zrihen,1063651,"fantasy,genre_painting,nature","figurative,minimalism",painting,portait
3969,Marcos Zrihen,1545555,"fantasy,landscape,nature",minimalism,painting,landscape
3969,Marcos Zrihen,1543883,"fantasy,landscape,marine,nature",minimalism,painting,portait
3969,Marcos Zrihen,1564176,"fantasy,fashion,landscape,nature",minimalism,painting,landscape
3969,Marcos Zrihen,1540839,"fantasy,landscape,marine,nature",minimalism,painting,portait
3969,Marcos Zrihen,1573365,"fantasy,landscape,nature",minimalism,painting,portait
3969,Marcos Zrihen,1535217,"fantasy,landscape,marine,nature",minimalism,painting,portait
3969,Marcos Zrihen,1573370,"fantasy,landscape,nature",minimalism,painting,portait
3969,Marcos Zrihen,1576701,"fantasy,landscape,marine,nature",minimalism,painting,portait
3969,Marcos Zrihen,1527591,"fantasy,landscape,nature",minimalism,painting,portait
3969,Marcos Zrihen,1527583,"fantasy,landscape,nature",minimalism,painting,landscape
3969,Marcos Zrihen,613049,"marine,nature",minimalism,painting,portait
3969,Marcos Zrihen,613015,"marine,nature",minimalism,painting,portait
3969,Marcos Zrihen,607731,"fantasy,nature",minimalism,painting,portait
3969,Marcos Zrihen,607729,"fantasy,nature","geometric,minimalism",painting,portait
3969,Marcos Zrihen,607703,fantasy,minimalism,painting,landscape
3969,Marcos Zrihen,607693,"fantasy,nature","figurative,minimalism",painting,landscape
3969,Marcos Zrihen,1583960,"fantasy,landscape,nature",minimalism,painting,portait
3969,Marcos Zrihen,1586184,"fantasy,landscape,nature",minimalism,painting,portait
3969,Marcos Zrihen,1598667,"fantasy,landscape,nature","figurative,minimalism",painting,portait
3969,Marcos Zrihen,1602480,"fantasy,landscape,marine,nature",minimalism,painting,portait
3969,Marcos Zrihen,1604146,"fantasy,landscape,marine,nature",minimalism,painting,landscape
3969,Marcos Zrihen,585285,"fantasy,genre_painting,nature",minimalism,painting,portait
3969,Marcos Zrihen,585249,genre_painting,minimalism,painting,portait
3969,Marcos Zrihen,585217,conceptual,minimalism,painting,landscape
3969,Marcos Zrihen,585191,conceptual,minimalism,painting,portait
3969,Marcos Zrihen,585179,abstract_art,minimalism,painting,portait
3969,Marcos Zrihen,578721,landscape,abstract,painting,portait
3969,Marcos Zrihen,1607454,"fantasy,landscape,nature",minimalism,painting,portait
3969,Marcos Zrihen,1060687,"fantasy,marine,nature",minimalism,painting,portait
3969,Marcos Zrihen,1613253,"animals,fantasy","minimalism,oriental_art,realism",painting,portait
3969,Marcos Zrihen,1613866,"fantasy,portrait","figurative,oriental_art",painting,portait
3969,Marcos Zrihen,1057653,"historical_political,nature","figurative,minimalism,realism",painting,portait
3969,Marcos Zrihen,1055047,"fantasy,marine",minimalism,painting,portait
3969,Marcos Zrihen,1617638,"fantasy,landscape,marine,nature",minimalism,painting,portait
3969,Marcos Zrihen,1618170,"fantasy,landscape,nature",minimalism,painting,portait
3969,Marcos Zrihen,1051875,"fantasy,nature",minimalism,painting,portait
3969,Marcos Zrihen,1049225,"fantasy,nature",minimalism,painting,portait
3969,Marcos Zrihen,1618186,"fantasy,landscape,marine,nature",minimalism,painting,portait
3969,Marcos Zrihen,1042725,"fantasy,nature",minimalism,painting,portait
3969,Marcos Zrihen,1621165,"fantasy,landscape,marine,portrait",figurative,painting,portait
3969,Marcos Zrihen,1621172,"fantasy,landscape,marine,nature",minimalism,painting,portait
3969,Marcos Zrihen,1640484,"fantasy,landscape,marine,nature",minimalism,painting,portait
3969,Marcos Zrihen,1651584,"fantasy,landscape,marine,nature",minimalism,painting,portait
3969,Marcos Zrihen,1651691,"fantasy,landscape,marine,nature",minimalism,painting,portait
3969,Marcos Zrihen,1666038,"fantasy,landscape,marine,nature",minimalism,painting,portait
3969,Marcos Zrihen,2019205,"fantasy,landscape,marine,nature",minimalism,painting,portait
3969,Marcos Zrihen,2019201,"fantasy,landscape,marine,nature",minimalism,painting,portait
3969,Marcos Zrihen,2019191,"fantasy,landscape,marine,nature",minimalism,painting,portait
3969,Marcos Zrihen,1671925,"fantasy,landscape,nature",minimalism,painting,portait
3969,Marcos Zrihen,1676972,"fantasy,landscape,nature",minimalism,painting,portait
3969,Marcos Zrihen,1739939,"fantasy,landscape,nature",minimalism,painting,portait
3969,Marcos Zrihen,1767381,"landscape,nature","figurative,realism",painting,portait
3969,Marcos Zrihen,1768195,"fantasy,landscape,nature",minimalism,painting,portait
3969,Marcos Zrihen,1770461,"fantasy,landscape,nature",minimalism,painting,portait
3969,Marcos Zrihen,1770485,fantasy,oriental_art,painting,portait
3969,Marcos Zrihen,1771453,"fantasy,marine,nature",minimalism,painting,landscape
3969,Marcos Zrihen,1774573,"fantasy,landscape,nature",minimalism,painting,portait
3969,Marcos Zrihen,1092119,"fantasy,portrait",oriental_art,painting,portait
3969,Marcos Zrihen,1098203,"fantasy,marine,nature",minimalism,painting,portait
3969,Marcos Zrihen,1105065,nature,"figurative,minimalism",painting,portait
3969,Marcos Zrihen,2227081,"fantasy,landscape,nature",minimalism,painting,landscape
3969,Marcos Zrihen,1114343,marine,minimalism,painting,portait
3969,Marcos Zrihen,1116719,"conceptual,fantasy,marine,nature",minimalism,painting,portait
3969,Marcos Zrihen,1041329,"fantasy,marine,nature",minimalism,painting,portait
3969,Marcos Zrihen,1120579,"fantasy,marine,nature",minimalism,painting,portait
3969,Marcos Zrihen,1035725,"fantasy,nature","figurative,minimalism",painting,landscape
3969,Marcos Zrihen,1129307,fantasy,minimalism,painting,portait
3969,Marcos Zrihen,1029767,"fantasy,nature",minimalism,painting,portait
3969,Marcos Zrihen,1131759,"fantasy,nature",minimalism,painting,portait
3969,Marcos Zrihen,1145229,"fantasy,marine,nature",minimalism,painting,portait
3969,Marcos Zrihen,1148465,"fantasy,nature",minimalism,painting,portait
3969,Marcos Zrihen,1022965,"fantasy,nature",minimalism,painting,landscape
3969,Marcos Zrihen,1162023,fantasy,figurative,painting,portait
3969,Marcos Zrihen,1166291,fantasy,minimalism,painting,portait
3969,Marcos Zrihen,1521108,"fantasy,landscape,nature","metaphysical,minimalism",painting,portait
3969,Marcos Zrihen,1174359,"fantasy,landscape,marine,nature",minimalism,painting,portait
3969,Marcos Zrihen,1174369,"conceptual,fantasy,nature",minimalism,painting,portait
3969,Marcos Zrihen,1174387,"fantasy,nature",minimalism,painting,portait
3969,Marcos Zrihen,1514159,"fantasy,landscape,nature",minimalism,painting,portait
3969,Marcos Zrihen,1511715,"fantasy,landscape,marine,nature",minimalism,painting,portait
3969,Marcos Zrihen,1511629,fantasy,"figurative,minimalism",painting,landscape
3969,Marcos Zrihen,1511561,"fantasy,landscape,nature",minimalism,painting,landscape
3969,Marcos Zrihen,1183709,"fantasy,nature,portrait","aboriginal_art,figurative,realism",painting,portait
3969,Marcos Zrihen,1183719,"fantasy,historical_political,nature",aboriginal_art,painting,landscape
3969,Marcos Zrihen,1183735,"fantasy,portrait",minimalism,painting,portait
3969,Marcos Zrihen,1018727,"fantasy,nature",minimalism,painting,landscape
3969,Marcos Zrihen,1014573,"fantasy,marine,nature","figurative,minimalism",painting,landscape
3969,Marcos Zrihen,1014569,"fantasy,marine","expressionism,figurative,minimalism",painting,landscape
3969,Marcos Zrihen,1184743,"fantasy,landscape,marine,nature",minimalism,painting,portait
3969,Marcos Zrihen,1192607,"fantasy,marine,nature",figurative,painting,landscape
3969,Marcos Zrihen,1008137,"fantasy,portrait",oriental_art,painting,portait
3969,Marcos Zrihen,1192633,"fantasy,marine,nature",minimalism,painting,landscape
3969,Marcos Zrihen,1203359,"landscape,nature",minimalism,painting,portait
3969,Marcos Zrihen,1002317,"fantasy,nature","figurative,minimalism",painting,landscape
3969,Marcos Zrihen,1002301,"marine,nature","figurative,minimalism",painting,landscape
3969,Marcos Zrihen,1002247,"fantasy,nature","aboriginal_art,minimalism",painting,portait
3969,Marcos Zrihen,1001939,"fantasy,nature",minimalism,painting,landscape
3969,Marcos Zrihen,1001917,"fantasy,nature",minimalism,painting,portait
3969,Marcos Zrihen,1001897,"fantasy,nature,nude","figurative,minimalism",painting,portait
3969,Marcos Zrihen,1207619,"fantasy,landscape,nature","figurative,minimalism,realism",painting,landscape
3969,Marcos Zrihen,1207651,"fantasy,marine,nature",expressionism,painting,landscape
3969,Marcos Zrihen,1222675,"fantasy,marine,nature",minimalism,painting,portait
3969,Marcos Zrihen,1222811,"fantasy,marine,nature",minimalism,painting,portait
3969,Marcos Zrihen,1222841,"fantasy,marine,nature",minimalism,painting,portait
3969,Marcos Zrihen,1239611,"fantasy,nature",minimalism,painting,portait
3969,Marcos Zrihen,110727,"conceptual,nature",minimalism,painting,landscape
3969,Marcos Zrihen,111537,"conceptual,marine",minimalism,painting,landscape
3969,Marcos Zrihen,111545,"conceptual,nature",minimalism,painting,portait
3969,Marcos Zrihen,111551,"conceptual,marine",minimalism,painting,portait
3969,Marcos Zrihen,111557,landscape,impressionism,painting,portait
3969,Marcos Zrihen,111559,"conceptual,nature",minimalism,painting,portait
3969,Marcos Zrihen,558641,"fantasy,landscape,nature",minimalism,painting,landscape
3969,Marcos Zrihen,558625,"landscape,nature",aboriginal_art,painting,portait
3969,Marcos Zrihen,549795,"fantasy,nature",minimalism,painting,portait
3969,Marcos Zrihen,549741,fantasy,minimalism,painting,landscape
3969,Marcos Zrihen,549735,fantasy,minimalism,painting,landscape
3969,Marcos Zrihen,546885,"landscape,nature",minimalism,painting,portait
3969,Marcos Zrihen,533541,portrait,figurative,painting,landscape
3969,Marcos Zrihen,533509,landscape,"aboriginal_art,minimalism",painting,portait
3969,Marcos Zrihen,527009,abstract_art,abstract,painting,landscape
3969,Marcos Zrihen,526997,conceptual,symbolic,painting,portait
3969,Marcos Zrihen,526925,conceptual,minimalism,painting,portait
3969,Marcos Zrihen,526913,conceptual,minimalism,painting,portait
3969,Marcos Zrihen,111563,"conceptual,nature",minimalism,painting,portait
3969,Marcos Zrihen,111565,conceptual,minimalism,painting,portait
3969,Marcos Zrihen,509879,"landscape,nature",minimalism,painting,portait
3969,Marcos Zrihen,509873,"conceptual,landscape,nature",minimalism,painting,portait
3969,Marcos Zrihen,509867,"landscape,nature","minimalism,realism",painting,landscape
3969,Marcos Zrihen,111569,conceptual,minimalism,painting,portait
3969,Marcos Zrihen,171033,"genre_painting,nature","figurative,minimalism",painting,portait
3969,Marcos Zrihen,991541,"fantasy,landscape,nature",minimalism,painting,landscape
3969,Marcos Zrihen,171033,"genre_painting,nature","figurative,minimalism",painting,portait
3969,Marcos Zrihen,171037,"conceptual,landscape,nature",minimalism,painting,portait
3969,Marcos Zrihen,171039,"landscape,marine,nature",minimalism,painting,portait
3969,Marcos Zrihen,171041,"genre_painting,landscape,nature",minimalism,painting,portait
3969,Marcos Zrihen,171043,fantasy,minimalism,painting,landscape
3969,Marcos Zrihen,974643,"fantasy,landscape,nature",minimalism,painting,portait
3969,Marcos Zrihen,974625,conceptual,"metaphysical,minimalism",painting,portait
3969,Marcos Zrihen,974591,"conceptual,fantasy,landscape,nature",minimalism,painting,landscape
3969,Marcos Zrihen,171045,"conceptual,landscape",figurative,painting,portait
3969,Marcos Zrihen,965909,"conceptual,fantasy,landscape,nature",minimalism,painting,landscape
3969,Marcos Zrihen,171047,"conceptual,fantasy,landscape,nature","aboriginal_art,minimalism,semi_abstract",painting,portait
3969,Marcos Zrihen,171055,"marine,nature",figurative,painting,landscape
3969,Marcos Zrihen,171057,"fantasy,genre_painting","figurative,oriental_art",painting,portait
3969,Marcos Zrihen,171059,"fantasy,genre_painting",oriental_art,painting,portait
3969,Marcos Zrihen,171061,"fantasy,genre_painting",oriental_art,painting,portait
3969,Marcos Zrihen,230099,"conceptual,nature",minimalism,painting,portait
3969,Marcos Zrihen,230105,"conceptual,nature",minimalism,painting,portait
3969,Marcos Zrihen,230331,"conceptual,fantasy","abstract,surrealism",painting,portait
3969,Marcos Zrihen,230337,"conceptual,fantasy",surrealism,painting,portait
3969,Marcos Zrihen,241283,"conceptual,pop_culture",figurative,painting,landscape
3969,Marcos Zrihen,241293,"conceptual,fantasy",minimalism,painting,landscape
3969,Marcos Zrihen,241301,"conceptual,fantasy",minimalism,painting,landscape
3969,Marcos Zrihen,241309,"landscape,marine,nature",minimalism,painting,landscape
3969,Marcos Zrihen,1247637,"fantasy,nature",minimalism,painting,portait
3969,Marcos Zrihen,1247641,"fantasy,marine,nature",minimalism,painting,portait
3969,Marcos Zrihen,2532594,"fantasy,landscape,nature","figurative,minimalism",painting,landscape
3969,Marcos Zrihen,1272963,"fantasy,marine,nature",minimalism,painting,landscape
3969,Marcos Zrihen,1789313,"fantasy,landscape,marine,nature",minimalism,painting,portait
3969,Marcos Zrihen,1789315,"fantasy,landscape,marine,nature",minimalism,painting,portait
3969,Marcos Zrihen,1798973,"fantasy,historical_political,nature",minimalism,painting,portait
3969,Marcos Zrihen,1799035,"fantasy,landscape,nature",minimalism,painting,portait
3969,Marcos Zrihen,957375,"conceptual,fantasy",minimalism,painting,portait
3969,Marcos Zrihen,957355,"fantasy,landscape",minimalism,painting,landscape
3969,Marcos Zrihen,945639,"fantasy,landscape,nature",minimalism,painting,landscape
3969,Marcos Zrihen,1799045,"fantasy,landscape,nature",minimalism,painting,portait
3969,Marcos Zrihen,1799052,"fantasy,landscape,nature",minimalism,painting,portait
3969,Marcos Zrihen,1799056,"fantasy,landscape,nature",minimalism,painting,portait
3969,Marcos Zrihen,928835,"fantasy,nature",minimalism,painting,landscape
3969,Marcos Zrihen,636071,"landscape,nature",minimalism,painting,portait
3969,Marcos Zrihen,645747,"landscape,nature",minimalism,painting,portait
3969,Marcos Zrihen,1505335,"fantasy,landscape,marine,nature",minimalism,painting,landscape
3969,Marcos Zrihen,1498773,"fantasy,landscape,marine,nature",minimalism,painting,portait
3969,Marcos Zrihen,1495903,"fantasy,landscape,marine,nature",minimalism,painting,portait
3969,Marcos Zrihen,1495889,"fantasy,landscape,nature",minimalism,painting,portait
3969,Marcos Zrihen,645753,"fantasy,landscape,nature",minimalism,painting,landscape
3969,Marcos Zrihen,2265477,"fantasy,landscape,marine,nature",minimalism,painting,portait
3969,Marcos Zrihen,1484967,"fantasy,landscape,nature",minimalism,painting,portait
3969,Marcos Zrihen,2265481,"fantasy,landscape,marine,nature",minimalism,painting,portait
3969,Marcos Zrihen,1479781,"fantasy,landscape",minimalism,painting,portait
3969,Marcos Zrihen,2265489,"fantasy,fashion,pop_culture","figurative,pop_art",painting,portait
3969,Marcos Zrihen,1466763,"fantasy,landscape,marine",figurative,painting,landscape
3969,Marcos Zrihen,498747,"genre_painting,nature","aboriginal_art,minimalism",painting,landscape
3969,Marcos Zrihen,498727,"fantasy,landscape",minimalism,painting,landscape
3969,Marcos Zrihen,498699,"landscape,nature",minimalism,painting,landscape
3969,Marcos Zrihen,498673,"landscape,nature",minimalism,painting,landscape
3969,Marcos Zrihen,498659,"landscape,nature",minimalism,painting,landscape
3969,Marcos Zrihen,498637,"landscape,nature",minimalism,painting,landscape
3969,Marcos Zrihen,491633,"conceptual,landscape,nature",minimalism,painting,portait
3969,Marcos Zrihen,491633,"conceptual,landscape,nature",minimalism,painting,portait
3969,Marcos Zrihen,491627,"conceptual,landscape,nature",minimalism,painting,portait
3969,Marcos Zrihen,1277171,"fantasy,landscape,nature",minimalism,painting,landscape
3969,Marcos Zrihen,1277847,"fantasy,marine,nature",minimalism,painting,landscape
3969,Marcos Zrihen,471609,"fantasy,genre_painting",minimalism,painting,portait
3969,Marcos Zrihen,446247,"conceptual,nature",minimalism,painting,landscape
3969,Marcos Zrihen,446241,nature,minimalism,painting,portait
3969,Marcos Zrihen,440773,"nature,pop_culture",minimalism,painting,portait
3969,Marcos Zrihen,1285183,"fantasy,marine,nature","impressionism,minimalism",painting,landscape
3969,Marcos Zrihen,1289537,"fantasy,marine,nature",minimalism,painting,portait
3969,Marcos Zrihen,426027,conceptual,minimalism,painting,landscape
3969,Marcos Zrihen,425971,"landscape,marine,nature",minimalism,painting,portait
3969,Marcos Zrihen,425957,"conceptual,nature",minimalism,painting,portait
3969,Marcos Zrihen,425951,"conceptual,nature",minimalism,painting,portait
3969,Marcos Zrihen,1999928,"fantasy,landscape,marine,nature",minimalism,painting,portait
3969,Marcos Zrihen,1302251,"fantasy,marine,nature",minimalism,painting,portait
3969,Marcos Zrihen,1975409,"fantasy,landscape,marine,nature",minimalism,painting,portait
3969,Marcos Zrihen,1302261,"landscape,marine","figurative,minimalism",painting,portait
3969,Marcos Zrihen,1302265,"fantasy,nature","figurative,minimalism",painting,landscape
3969,Marcos Zrihen,1302425,"fantasy,marine,nature",minimalism,painting,landscape
3969,Marcos Zrihen,1302437,"fantasy,nature",minimalism,painting,portait
3969,Marcos Zrihen,1307829,"fantasy,nature",minimalism,painting,portait
3969,Marcos Zrihen,1307837,"fantasy,landscape,nature",minimalism,painting,portait
3969,Marcos Zrihen,1308709,"fantasy,landscape,marine,nature",minimalism,painting,portait
3969,Marcos Zrihen,1803257,"fantasy,landscape,marine,nature",minimalism,painting,landscape
3969,Marcos Zrihen,1803519,"fantasy,landscape,marine,nature",minimalism,painting,portait
3969,Marcos Zrihen,1803520,"fantasy,landscape,marine,nature",minimalism,painting,portait
3969,Marcos Zrihen,1803526,"fantasy,landscape,nature",minimalism,painting,portait
3969,Marcos Zrihen,1807642,"fantasy,landscape,marine,nature",minimalism,painting,portait
3969,Marcos Zrihen,1807648,"fantasy,landscape,marine,nature",minimalism,painting,portait
3969,Marcos Zrihen,1812452,"fantasy,fashion,landscape,nature","figurative,minimalism",painting,portait
3969,Marcos Zrihen,1816256,"fantasy,landscape,nature",minimalism,painting,portait
3969,Marcos Zrihen,652379,"fantasy,landscape,nature",minimalism,painting,portait
3969,Marcos Zrihen,652401,"fantasy,landscape,nature",minimalism,painting,portait
3969,Marcos Zrihen,652417,"fantasy,landscape,nature",minimalism,painting,portait
3969,Marcos Zrihen,658151,"fantasy,landscape,nature",minimalism,painting,portait
3969,Marcos Zrihen,658157,"fantasy,marine",minimalism,painting,landscape
3969,Marcos Zrihen,658169,"fantasy,landscape,nature",minimalism,painting,portait
3969,Marcos Zrihen,692899,"landscape,marine,nature",minimalism,painting,landscape
3969,Marcos Zrihen,911505,marine,minimalism,painting,portait
3969,Marcos Zrihen,718097,"fantasy,landscape,nature",minimalism,painting,landscape
3969,Marcos Zrihen,903489,"conceptual,marine",minimalism,painting,portait
3969,Marcos Zrihen,718131,"fantasy,landscape,nature",minimalism,painting,landscape
3969,Marcos Zrihen,1822290,"fantasy,landscape,nature","aboriginal_art,minimalism",painting,portait
3969,Marcos Zrihen,1316837,"fantasy,marine,nature",minimalism,painting,portait
3969,Marcos Zrihen,865845,nature,impressionism,painting,landscape
3969,Marcos Zrihen,865797,fantasy,minimalism,painting,portait
3969,Marcos Zrihen,865785,marine,minimalism,painting,portait
3969,Marcos Zrihen,865775,"fantasy,nature","aboriginal_art,minimalism,primitivism",painting,landscape
3969,Marcos Zrihen,1326433,"fantasy,nature",minimalism,painting,portait
3969,Marcos Zrihen,1326439,"fantasy,nature",minimalism,painting,portait
3969,Marcos Zrihen,1337403,"fantasy,nature",minimalism,painting,landscape
3969,Marcos Zrihen,1442973,"fantasy,landscape,nature",minimalism,painting,portait
3969,Marcos Zrihen,1337423,"fantasy,nature",minimalism,painting,portait
3969,Marcos Zrihen,1838816,"fantasy,landscape,nature",minimalism,painting,portait
3969,Marcos Zrihen,1434451,"fantasy,nature",minimalism,painting,portait
3969,Marcos Zrihen,1434451,"fantasy,nature",minimalism,painting,portait
3969,Marcos Zrihen,1844760,"fantasy,landscape,nature",minimalism,painting,landscape
3969,Marcos Zrihen,1428037,"fantasy,nature","figurative,minimalism",painting,landscape
3969,Marcos Zrihen,1851270,"fantasy,landscape,marine,nature",minimalism,painting,landscape
3969,Marcos Zrihen,2303584,"fantasy,landscape,marine,nature",minimalism,painting,landscape
3969,Marcos Zrihen,2303587,"fantasy,landscape,marine,nature",minimalism,painting,portait
3969,Marcos Zrihen,2303599,"fantasy,landscape,nature",minimalism,painting,portait
3969,Marcos Zrihen,1084391,"fantasy,historical_political,nature","figurative,minimalism",painting,landscape
3969,Marcos Zrihen,1921965,fantasy,minimalism,painting,portait
3969,Marcos Zrihen,1547071,"conceptual,fantasy",pop_art,painting,landscape
3969,Marcos Zrihen,288613,marine,minimalism,painting,portait
3969,Marcos Zrihen,406991,conceptual,other,painting,portait
3969,Marcos Zrihen,402149,"conceptual,nature",minimalism,painting,portait
3969,Marcos Zrihen,402129,"conceptual,marine",minimalism,painting,portait
3969,Marcos Zrihen,288627,marine,minimalism,painting,portait
3969,Marcos Zrihen,288631,"landscape,nature",minimalism,painting,portait
3969,Marcos Zrihen,288635,"marine,nature",minimalism,painting,landscape
3969,Marcos Zrihen,369297,nature,"figurative,minimalism",painting,portait
3969,Marcos Zrihen,288641,"fantasy,pop_culture",minimalism,painting,landscape
3969,Marcos Zrihen,288645,nature,"realism,semi_abstract",painting,landscape
3969,Marcos Zrihen,358987,genre_painting,oriental_art,painting,portait
3969,Marcos Zrihen,358209,genre_painting,oriental_art,painting,portait
3969,Marcos Zrihen,358199,genre_painting,oriental_art,painting,portait
3969,Marcos Zrihen,358181,genre_painting,oriental_art,painting,portait
3969,Marcos Zrihen,358177,genre_painting,oriental_art,painting,portait
3969,Marcos Zrihen,358167,genre_painting,oriental_art,painting,portait
3969,Marcos Zrihen,358113,genre_painting,oriental_art,painting,portait
3969,Marcos Zrihen,288649,"fantasy,marine",minimalism,painting,landscape
3969,Marcos Zrihen,288649,"fantasy,marine",minimalism,painting,landscape
3969,Marcos Zrihen,288653,marine,"expressionism,realism",painting,landscape
3969,Marcos Zrihen,288655,"fantasy,nature",minimalism,painting,landscape
3969,Marcos Zrihen,288655,"fantasy,nature",minimalism,painting,landscape
3969,Marcos Zrihen,288659,"fantasy,marine",minimalism,painting,portait
3969,Marcos Zrihen,309509,"marine,nature",minimalism,painting,portait
3969,Marcos Zrihen,309725,"conceptual,marine,nature",minimalism,painting,portait
3969,Marcos Zrihen,309741,"conceptual,nature",minimalism,painting,landscape
3969,Marcos Zrihen,2342706,"fantasy,landscape,marine,nature",minimalism,painting,landscape
3969,Marcos Zrihen,1915047,"fantasy,landscape,marine,nature",minimalism,painting,portait
3969,Marcos Zrihen,309753,"conceptual,nature",minimalism,painting,landscape
3969,Marcos Zrihen,309761,"conceptual,nature",minimalism,painting,landscape
3969,Marcos Zrihen,356279,"conceptual,nature",minimalism,painting,landscape
3969,Marcos Zrihen,356293,nature,"realism,symbolic",painting,landscape
3969,Marcos Zrihen,356309,"conceptual,nature",minimalism,painting,landscape
3969,Marcos Zrihen,356351,"genre_painting,landscape",minimalism,painting,portait
3969,Marcos Zrihen,356369,"conceptual,landscape",minimalism,painting,portait
3969,Marcos Zrihen,744833,"fantasy,landscape,nature",minimalism,painting,portait
3969,Marcos Zrihen,744861,"fantasy,landscape,nature",minimalism,painting,portait
3969,Marcos Zrihen,744871,"fantasy,landscape,nature",minimalism,painting,portait
3969,Marcos Zrihen,758723,"fantasy,landscape,nature",minimalism,painting,landscape
3969,Marcos Zrihen,802153,"fantasy,genre_painting","figurative,oriental_art",painting,portait
3969,Marcos Zrihen,802169,"fantasy,genre_painting","figurative,oriental_art",painting,portait
3969,Marcos Zrihen,802227,"fantasy,marine",minimalism,painting,landscape
3969,Marcos Zrihen,802285,"fantasy,nature","figurative,minimalism",painting,landscape
3969,Marcos Zrihen,803197,"fantasy,genre_painting,nature",minimalism,painting,landscape
3969,Marcos Zrihen,1396043,"fantasy,landscape,nature",minimalism,painting,portait
3969,Marcos Zrihen,803213,"fantasy,nature","figurative,minimalism",painting,landscape
3969,Marcos Zrihen,803229,"fantasy,nature",minimalism,painting,portait
3969,Marcos Zrihen,803251,"fantasy,nature","aboriginal_art,figurative,minimalism",painting,portait
3969,Marcos Zrihen,807145,"fantasy,landscape",minimalism,painting,landscape
3969,Marcos Zrihen,1872824,"fantasy,landscape,nature",minimalism,painting,portait
3969,Marcos Zrihen,1876482,"fantasy,fashion",figurative,painting,portait
3969,Marcos Zrihen,815255,"fantasy,portrait",expressionism,painting,landscape
3969,Marcos Zrihen,815183,fantasy,"minimalism,surrealism",painting,portait
3969,Marcos Zrihen,1878588,fantasy,figurative,painting,portait
3969,Marcos Zrihen,1879950,fantasy,"figurative,oriental_art",painting,portait
3969,Marcos Zrihen,1879960,"fashion,marine,nature",minimalism,painting,portait
3969,Marcos Zrihen,1363455,"fantasy,nature",minimalism,painting,landscape
3969,Marcos Zrihen,1363455,"fantasy,nature",minimalism,painting,landscape
3969,Marcos Zrihen,1365079,"fantasy,landscape,nature",minimalism,painting,portait
3969,Marcos Zrihen,1365341,"fantasy,landscape,nature",minimalism,painting,portait
3969,Marcos Zrihen,1382793,"fantasy,marine,nature",minimalism,painting,portait
3969,Marcos Zrihen,1382799,"fantasy,nature",minimalism,painting,landscape
3969,Marcos Zrihen,2332865,"fantasy,landscape,marine,nature",minimalism,painting,landscape
3969,Marcos Zrihen,2334129,"fantasy,landscape,nature",minimalism,painting,portait
3969,Marcos Zrihen,2337328,"fantasy,landscape,marine,nature",minimalism,painting,portait
3969,Marcos Zrihen,1883501,"fantasy,landscape,nature",minimalism,painting,portait
3969,Marcos Zrihen,1883502,"fantasy,landscape,nature",minimalism,painting,portait
3969,Marcos Zrihen,1883506,"fantasy,landscape,nature",minimalism,painting,portait
7037,Maria Moretti,1080985,abstract_art,abstract,painting,landscape
7037,Maria Moretti,1024251,abstract_art,abstract,painting,landscape
7037,Maria Moretti,1547134,abstract_art,abstract,painting,landscape
7037,Maria Moretti,284621,nude,"realism,symbolic",drawing,landscape
7037,Maria Moretti,2542122,"abstract_art,conceptual,genre_painting,vanitas","abstract,impressionism,naive,primitivism",painting,landscape
7037,Maria Moretti,1554148,abstract_art,"abstract,oriental_art",painting,landscape
7037,Maria Moretti,1075735,portrait,semi_abstract,painting,landscape
7037,Maria Moretti,1543847,"fashion,genre_painting,nude,vanitas","figurative,fine_art,oriental_art,semi_abstract",painting,landscape
7037,Maria Moretti,1567822,"abstract_art,conceptual,fantasy,religion","abstract,metaphysical,oriental_art,symbolic",painting,landscape
7037,Maria Moretti,1894703,"genre_painting,portrait,scandal,vanitas","abstract,comics,figurative,semi_abstract",painting,portait
7037,Maria Moretti,1890794,abstract_art,"aboriginal_art,abstract,expressionism,impressionism",painting,landscape
7037,Maria Moretti,1890353,abstract_art,"abstract,impressionism,minimalism,primitivism",painting,portait
7037,Maria Moretti,1885286,nature,"abstract,fine_art,impressionism,vintage",painting,portait
7037,Maria Moretti,1884941,"fantasy,street_art,urban,vanitas","abstract,art_brut,expressionism,semi_abstract",painting,landscape
7037,Maria Moretti,2628176,"fashion,nude,portrait,scandal","comics,figurative,futuristic,vintage",painting,portait
7037,Maria Moretti,1572768,"pop_culture,religion,scandal,street_art","figurative,pop_art,surrealism,vintage",painting,landscape
7037,Maria Moretti,1538737,fashion,comics,painting,portait
7037,Maria Moretti,1882668,"conceptual,genre_painting,religion,scandal","abstract,figurative,semi_abstract,vintage",painting,landscape
7037,Maria Moretti,1880719,"fantasy,genre_painting,urban,vanitas","art_brut,expressionism,semi_abstract,vintage",painting,landscape
7037,Maria Moretti,1533765,abstract_art,abstract,painting,portait
7037,Maria Moretti,1573589,"fantasy,fashion,pop_culture,street_art","comics,figurative,pop_art,vintage",painting,landscape
7037,Maria Moretti,1574189,portrait,figurative,painting,landscape
7037,Maria Moretti,1575552,abstract_art,abstract,painting,landscape
7037,Maria Moretti,1575753,nude,figurative,painting,portait
7037,Maria Moretti,2333038,"abstract_art,conceptual,fantasy,genre_painting","aboriginal_art,abstract,expressionism,oriental_art",painting,landscape
7037,Maria Moretti,1528625,nude,figurative,painting,landscape
7037,Maria Moretti,1578084,abstract_art,abstract,painting,landscape
7037,Maria Moretti,606993,"genre_painting,nude",figurative,painting,landscape
7037,Maria Moretti,2320696,"fantasy,fashion,nude,still_life","comics,figurative,semi_abstract,vintage",painting,portait
7037,Maria Moretti,1388237,abstract_art,abstract,painting,landscape
7037,Maria Moretti,1585856,abstract_art,abstract,painting,landscape
7037,Maria Moretti,605717,"landscape,nature","expressionism,impressionism,realism,semi_abstract",painting,landscape
7037,Maria Moretti,1380169,abstract_art,semi_abstract,painting,landscape
7037,Maria Moretti,1366273,"abstract_art,conceptual,religion,vanitas","aboriginal_art,abstract,oriental_art,vintage",painting,landscape
7037,Maria Moretti,1590674,abstract_art,abstract,painting,portait
7037,Maria Moretti,1593661,nude,"realism,symbolic",drawing,portait
7037,Maria Moretti,1594161,"fantasy,genre_painting,urban,vanitas","abstract,expressionism,semi_abstract,vintage",painting,landscape
7037,Maria Moretti,1595429,"conceptual,nude,still_life,vanitas","figurative,realism,symbolic,vintage",drawing,portait
7037,Maria Moretti,1359125,abstract_art,semi_abstract,painting,landscape
7037,Maria Moretti,1357093,abstract_art,abstract,painting,landscape
7037,Maria Moretti,810781,portrait,figurative,painting,landscape
7037,Maria Moretti,812809,abstract_art,abstract,painting,landscape
7037,Maria Moretti,814871,abstract_art,abstract,painting,landscape
7037,Maria Moretti,1878275,"abstract_art,religion,scandal,vanitas","abstract,art_brut,fine_art,oriental_art",painting,landscape
7037,Maria Moretti,830113,abstract_art,abstract,painting,portait
7037,Maria Moretti,1874324,"fantasy,street_art,urban,vanitas","art_brut,expressionism,fauvism,semi_abstract",painting,landscape
7037,Maria Moretti,843377,"nature,still_life",figurative,painting,landscape
7037,Maria Moretti,1872009,"conceptual,fantasy,street_art,urban","abstract,expressionism,semi_abstract,vintage",painting,landscape
7037,Maria Moretti,1871587,"fantasy,portrait,scandal,still_life","figurative,naive,pop_art,semi_abstract",painting,portait
7037,Maria Moretti,1866853,"fantasy,nude,scandal","abstract,expressionism,figurative,fine_art",painting,portait
7037,Maria Moretti,1866075,"landscape,nature","expressionism,impressionism,realism,semi_abstract",painting,landscape
7037,Maria Moretti,847393,abstract_art,abstract,painting,landscape
7037,Maria Moretti,601777,nude,figurative,painting,landscape
7037,Maria Moretti,859871,abstract_art,abstract,painting,landscape
7037,Maria Moretti,1389347,urban,"art_brut,expressionism,geometric,semi_abstract",painting,landscape
7037,Maria Moretti,1398015,"landscape,nature","expressionism,impressionism,realism,semi_abstract",painting,portait
7037,Maria Moretti,1398015,"landscape,nature","expressionism,impressionism,realism,semi_abstract",painting,portait
7037,Maria Moretti,1399105,conceptual,"aboriginal_art,abstract,other",painting,landscape
7037,Maria Moretti,1598908,"conceptual,fashion,nude,scandal","comics,figurative,oriental_art,vintage",painting,portait
7037,Maria Moretti,1412907,"abstract_art,conceptual,religion,still_life",abstract,painting,landscape
7037,Maria Moretti,801449,conceptual,"minimalism,semi_abstract",painting,portait
7037,Maria Moretti,799319,abstract_art,abstract,painting,landscape
7037,Maria Moretti,784501,abstract_art,abstract,painting,portait
7037,Maria Moretti,779739,nude,"realism,symbolic",drawing,portait
7037,Maria Moretti,779653,abstract_art,abstract,painting,landscape
7037,Maria Moretti,1414311,portrait,semi_abstract,painting,landscape
7037,Maria Moretti,1601214,fashion,comics,painting,portait
7037,Maria Moretti,1420377,urban,"art_brut,expressionism,geometric,semi_abstract",painting,landscape
7037,Maria Moretti,1424231,conceptual,abstract,painting,landscape
7037,Maria Moretti,591563,"landscape,nature","expressionism,impressionism,realism,semi_abstract",painting,portait
7037,Maria Moretti,1903166,abstract_art,"abstract,minimalism,oriental_art,vintage",painting,landscape
7037,Maria Moretti,1905994,"abstract_art,conceptual,genre_painting,vanitas","abstract,expressionism,fine_art,impressionism",painting,landscape
7037,Maria Moretti,1907110,"landscape,nature","expressionism,impressionism,realism,semi_abstract",painting,landscape
7037,Maria Moretti,1908426,"fantasy,genre_painting,portrait,scandal","figurative,fine_art,naive,semi_abstract",painting,landscape
7037,Maria Moretti,1911525,"abstract_art,conceptual,religion,vanitas","abstract,impressionism,minimalism,primitivism",painting,landscape
7037,Maria Moretti,1912697,"abstract_art,conceptual,fantasy,genre_painting","abstract,expressionism,fauvism,impressionism",painting,landscape
7037,Maria Moretti,1914887,"abstract_art,fantasy,genre_painting,vanitas","abstract,fine_art,impressionism,vintage",painting,landscape
7037,Maria Moretti,2342840,"abstract_art,conceptual,fantasy,vanitas","abstract,minimalism,symbolic,vintage",painting,landscape
7037,Maria Moretti,2359962,"pop_culture,portrait,scandal,street_art","comics,figurative,pop_art,semi_abstract",painting,portait
7037,Maria Moretti,2360827,"fantasy,street_art,urban,vanitas","art_brut,expressionism,geometric,semi_abstract",painting,landscape
7037,Maria Moretti,308693,abstract_art,abstract,painting,landscape
7037,Maria Moretti,297879,urban,"art_brut,expressionism,geometric,semi_abstract",painting,landscape
7037,Maria Moretti,295847,abstract_art,abstract,painting,landscape
7037,Maria Moretti,295841,abstract_art,"abstract,futuristic,primitivism",painting,landscape
7037,Maria Moretti,295835,abstract_art,abstract,painting,landscape
7037,Maria Moretti,292377,nude,figurative,painting,landscape
7037,Maria Moretti,291567,abstract_art,abstract,drawing,landscape
7037,Maria Moretti,291515,conceptual,"abstract,expressionism,semi_abstract",painting,portait
7037,Maria Moretti,291503,conceptual,"abstract,minimalism",painting,landscape
7037,Maria Moretti,291367,abstract_art,abstract,painting,landscape
7037,Maria Moretti,2362640,"pop_culture,portrait,self_portrait,street_art","expressionism,figurative,pop_art,semi_abstract",painting,portait
7037,Maria Moretti,2368842,"fantasy,genre_painting,portrait,scandal","comics,figurative,fine_art,semi_abstract",painting,landscape
7037,Maria Moretti,2375794,"abstract_art,marine","abstract,art_brut,minimalism,symbolic",painting,landscape
7037,Maria Moretti,1602681,"abstract_art,scandal,still_life,vanitas","abstract,expressionism,fine_art,metaphysical",painting,landscape
7037,Maria Moretti,1603901,urban,"art_brut,expressionism,geometric,semi_abstract",painting,landscape
7037,Maria Moretti,591473,"landscape,nature","expressionism,impressionism,realism,semi_abstract",painting,landscape
7037,Maria Moretti,368559,abstract_art,abstract,painting,landscape
7037,Maria Moretti,368585,abstract_art,abstract,painting,landscape
7037,Maria Moretti,371619,conceptual,abstract,painting,landscape
7037,Maria Moretti,389809,conceptual,"aboriginal_art,abstract,other",painting,portait
7037,Maria Moretti,392509,conceptual,"abstract,minimalism,other",painting,portait
7037,Maria Moretti,1916602,"fantasy,street_art,urban,vanitas","abstract,art_brut,expressionism,semi_abstract",painting,landscape
7037,Maria Moretti,1917064,"conceptual,genre_painting,nature,still_life","abstract,fine_art,semi_abstract,vintage",painting,landscape
7037,Maria Moretti,1924958,"genre_painting,nude,scandal,vanitas","figurative,semi_abstract,symbolic",painting,landscape
7037,Maria Moretti,1079441,portrait,semi_abstract,painting,landscape
7037,Maria Moretti,563769,abstract_art,abstract,painting,landscape
7037,Maria Moretti,1608502,abstract_art,abstract,painting,landscape
7037,Maria Moretti,1610124,"fantasy,historical_political,street_art,urban","art_brut,expressionism,fauvism,semi_abstract",painting,landscape
7037,Maria Moretti,1057883,abstract_art,"abstract,impressionism,minimalism,primitivism",painting,landscape
7037,Maria Moretti,2305712,"abstract_art,conceptual,fantasy,genre_painting","abstract,expressionism,fine_art,futuristic",painting,landscape
7037,Maria Moretti,2304960,"landscape,nature","expressionism,impressionism,realism,semi_abstract",painting,landscape
7037,Maria Moretti,1057883,abstract_art,"abstract,impressionism,minimalism,primitivism",painting,landscape
7037,Maria Moretti,1926566,abstract_art,"aboriginal_art,abstract,oriental_art,vintage",painting,portait
7037,Maria Moretti,1928639,"conceptual,genre_painting,nature,still_life","abstract,fine_art,semi_abstract,vintage",painting,landscape
7037,Maria Moretti,1929970,"abstract_art,conceptual,genre_painting,vanitas","abstract,minimalism,oriental_art,vintage",painting,landscape
7037,Maria Moretti,1617002,nature,fine_art,painting,landscape
7037,Maria Moretti,1054543,"fantasy,nude,scandal,vanitas","expressionism,figurative,fine_art,semi_abstract",painting,landscape
7037,Maria Moretti,2300821,"abstract_art,genre_painting,pop_culture,portrait","comics,figurative,pop_art,semi_abstract",painting,landscape
7037,Maria Moretti,1863971,"landscape,nature","expressionism,impressionism,realism,semi_abstract",painting,landscape
7037,Maria Moretti,1863316,"conceptual,pop_culture,portrait,vanitas","comics,figurative,pop_art,semi_abstract",painting,portait
7037,Maria Moretti,1858749,"landscape,nature","expressionism,impressionism,realism,semi_abstract",painting,landscape
7037,Maria Moretti,1857561,abstract_art,"abstract,fine_art,impressionism,vintage",painting,landscape
7037,Maria Moretti,1856489,"fantasy,street_art,urban,vanitas","abstract,art_brut,expressionism,semi_abstract",painting,landscape
7037,Maria Moretti,1934427,"fantasy,portrait,scandal,self_portrait","art_brut,expressionism,semi_abstract,symbolic",painting,portait
7037,Maria Moretti,1851105,"landscape,nature","abstract,expressionism,impressionism,semi_abstract",painting,landscape
7037,Maria Moretti,1850200,"fantasy,genre_painting,portrait,scandal","comics,figurative,pop_art,semi_abstract",painting,landscape
7037,Maria Moretti,1848630,"conceptual,fantasy,urban","art_brut,expressionism,geometric,semi_abstract",painting,landscape
7037,Maria Moretti,1848402,"genre_painting,pop_culture,portrait,scandal","comics,figurative,pop_art,semi_abstract",painting,landscape
7037,Maria Moretti,1053873,nude,figurative,painting,landscape
7037,Maria Moretti,1047687,abstract_art,semi_abstract,painting,landscape
7037,Maria Moretti,2134569,"fantasy,genre_painting,street_art,urban","art_brut,expressionism,fine_art,semi_abstract",painting,landscape
7037,Maria Moretti,2133058,"abstract_art,genre_painting,religion,vanitas","abstract,fine_art,oriental_art,vintage",painting,portait
7037,Maria Moretti,1620542,nature,fine_art,painting,landscape
7037,Maria Moretti,1621077,"landscape,nature","expressionism,impressionism,realism,semi_abstract",painting,landscape
7037,Maria Moretti,2036217,"pop_culture,portrait,scandal,self_portrait","comics,pop_art,semi_abstract,surrealism",painting,landscape
7037,Maria Moretti,1623582,abstract_art,"abstract,expressionism",painting,landscape
7037,Maria Moretti,2132142,"fantasy,pop_culture,portrait,scandal","art_brut,comics,pop_art,semi_abstract",painting,landscape
7037,Maria Moretti,1625724,"nature,still_life","fine_art,impressionism,minimalism,semi_abstract",painting,landscape
7037,Maria Moretti,2130278,abstract_art,"abstract,fine_art,oriental_art,vintage",painting,landscape
7037,Maria Moretti,1632924,"nature,still_life",fine_art,painting,landscape
7037,Maria Moretti,1632968,"nature,still_life",fine_art,painting,landscape
7037,Maria Moretti,1633570,"nature,still_life",fine_art,painting,landscape
7037,Maria Moretti,1846552,"fantasy,genre_painting,portrait,vanitas","abstract,figurative,pop_art,semi_abstract",painting,portait
7037,Maria Moretti,1846203,"fantasy,genre_painting,portrait,scandal","comics,figurative,pop_art,semi_abstract",painting,landscape
7037,Maria Moretti,1845921,"landscape,nature","expressionism,impressionism,realism,semi_abstract",painting,landscape
7037,Maria Moretti,1845611,"abstract_art,conceptual,genre_painting,vanitas","abstract,minimalism,oriental_art,vintage",painting,landscape
7037,Maria Moretti,1429707,abstract_art,semi_abstract,painting,landscape
7037,Maria Moretti,1636391,portrait,semi_abstract,painting,landscape
7037,Maria Moretti,1841089,"conceptual,portrait,scandal,vanitas","abstract,comics,figurative,semi_abstract",painting,landscape
7037,Maria Moretti,1840434,"abstract_art,marine","abstract,art_brut,expressionism,minimalism",painting,landscape
7037,Maria Moretti,1839184,"fantasy,genre_painting,portrait,scandal","figurative,fine_art,naive,semi_abstract",painting,landscape
7037,Maria Moretti,1439209,fashion,comics,painting,portait
7037,Maria Moretti,1838547,"abstract_art,conceptual,genre_painting,religion","abstract,impressionism,minimalism,other",painting,landscape
7037,Maria Moretti,1837224,"fantasy,street_art,urban,vanitas","abstract,art_brut,expressionism,semi_abstract",painting,landscape
7037,Maria Moretti,1836817,"abstract_art,conceptual,genre_painting,vanitas","abstract,minimalism,oriental_art,vintage",painting,landscape
7037,Maria Moretti,1440569,fashion,comics,painting,portait
7037,Maria Moretti,1460125,"abstract_art,fantasy,religion,still_life","abstract,cubism,futuristic,geometric",painting,landscape
7037,Maria Moretti,1334265,nature,"abstract,impressionism,semi_abstract,vintage",painting,landscape
7037,Maria Moretti,1330199,abstract_art,abstract,painting,landscape
7037,Maria Moretti,1464821,portrait,semi_abstract,painting,portait
7037,Maria Moretti,863073,abstract_art,abstract,painting,landscape
7037,Maria Moretti,1325053,portrait,figurative,painting,landscape
7037,Maria Moretti,1638351,"nude,still_life","realism,symbolic",drawing,portait
7037,Maria Moretti,1314031,abstract_art,abstract,painting,landscape
7037,Maria Moretti,1310793,abstract_art,"abstract,futuristic,primitivism",painting,landscape
7037,Maria Moretti,1639684,portrait,semi_abstract,painting,landscape
7037,Maria Moretti,1646678,"nature,still_life","fine_art,impressionism,naive,semi_abstract",painting,landscape
7037,Maria Moretti,2488556,abstract_art,"abstract,metaphysical,symbolic,vintage",painting,landscape
7037,Maria Moretti,2485433,"conceptual,fantasy,nude,vanitas","figurative,semi_abstract,symbolic,vintage",painting,landscape
7037,Maria Moretti,1648107,"nature,still_life",fine_art,painting,landscape
7037,Maria Moretti,1649266,portrait,semi_abstract,painting,landscape
7037,Maria Moretti,2474262,abstract_art,"abstract,expressionism,impressionism,metaphysical",painting,landscape
7037,Maria Moretti,2473313,"genre_painting,pop_culture,portrait,scandal","comics,figurative,pop_art,semi_abstract",painting,portait
7037,Maria Moretti,1649831,nature,fine_art,painting,portait
7037,Maria Moretti,1650455,nature,fine_art,painting,landscape
7037,Maria Moretti,2028077,"fashion,pop_culture,portrait,scandal","comics,figurative,fine_art,semi_abstract",painting,portait
7037,Maria Moretti,1829636,abstract_art,"aboriginal_art,abstract,fine_art,minimalism",painting,landscape
7037,Maria Moretti,1828550,abstract_art,"abstract,expressionism,futuristic,primitivism",painting,landscape
7037,Maria Moretti,1826630,abstract_art,"abstract,expressionism,futuristic,oriental_art",painting,landscape
7037,Maria Moretti,1825962,abstract_art,"aboriginal_art,abstract,cubism,vintage",painting,landscape
7037,Maria Moretti,1823444,abstract_art,"abstract,expressionism,oriental_art,symbolic",painting,landscape
7037,Maria Moretti,891041,"landscape,nature","expressionism,impressionism,realism,semi_abstract",painting,landscape
7037,Maria Moretti,1821308,"fantasy,portrait,scandal,still_life","figurative,naive,pop_art,semi_abstract",painting,portait
7037,Maria Moretti,1659532,"fantasy,pop_culture,portrait,vanitas","figurative,naive,pop_art,semi_abstract",painting,portait
7037,Maria Moretti,2292720,"nature,still_life","expressionism,fine_art,realism,semi_abstract",painting,portait
7037,Maria Moretti,1661692,portrait,semi_abstract,painting,portait
7037,Maria Moretti,1663526,"genre_painting,portrait,scandal,vanitas","comics,figurative,pop_art,semi_abstract",painting,portait
7037,Maria Moretti,1665175,"conceptual,pop_culture,portrait","figurative,naive,pop_art,semi_abstract",painting,portait
7037,Maria Moretti,1665845,"pop_culture,portrait,scandal,vanitas","comics,figurative,pop_art,semi_abstract",painting,portait
7037,Maria Moretti,2286743,"genre_painting,nature,still_life,vanitas","abstract,figurative,impressionism,semi_abstract",painting,landscape
7037,Maria Moretti,2022868,"fashion,pop_culture,portrait,scandal","comics,figurative,fine_art,semi_abstract",painting,portait
7037,Maria Moretti,1667255,nude,figurative,painting,portait
7037,Maria Moretti,738035,"genre_painting,portrait,self_portrait,vanitas","abstract,figurative,pop_art,semi_abstract",painting,portait
7037,Maria Moretti,728591,abstract_art,abstract,painting,landscape
7037,Maria Moretti,902539,nude,figurative,painting,portait
7037,Maria Moretti,904915,nature,fine_art,painting,landscape
7037,Maria Moretti,1026735,"abstract_art,fantasy,marine,religion","abstract,impressionism,symbolic,vintage",painting,landscape
7037,Maria Moretti,1670532,abstract_art,abstract,painting,portait
7037,Maria Moretti,662661,abstract_art,"abstract,expressionism",painting,portait
7037,Maria Moretti,662661,abstract_art,"abstract,expressionism",painting,portait
7037,Maria Moretti,1671464,"landscape,nature",realism,painting,landscape
7037,Maria Moretti,1672789,"conceptual,genre_painting,scandal,vanitas","aboriginal_art,other,symbolic",painting,portait
7037,Maria Moretti,1674559,abstract_art,"abstract,futuristic,primitivism",painting,landscape
7037,Maria Moretti,657725,abstract_art,abstract,painting,portait
7037,Maria Moretti,2182280,"fantasy,portrait,scandal,vanitas","comics,figurative,pop_art,semi_abstract",print,landscape
7037,Maria Moretti,2182280,"fantasy,portrait,scandal,vanitas","comics,figurative,pop_art,semi_abstract",print,landscape
7037,Maria Moretti,2183493,"fantasy,portrait,scandal,vanitas","comics,figurative,pop_art,semi_abstract",print,landscape
7037,Maria Moretti,1676712,"abstract_art,fantasy","abstract,geometric,minimalism,symbolic",painting,landscape
7037,Maria Moretti,2014235,abstract_art,"abstract,fine_art,impressionism",painting,landscape
7037,Maria Moretti,1688856,"abstract_art,fantasy,genre_painting,vanitas","abstract,expressionism,metaphysical,vintage",painting,landscape
7037,Maria Moretti,2093974,"conceptual,fashion,genre_painting,vanitas","comics,figurative,semi_abstract,vintage",painting,landscape
7037,Maria Moretti,1689890,"nature,still_life",fine_art,painting,landscape
7037,Maria Moretti,1690834,fantasy,geometric,painting,landscape
7037,Maria Moretti,1691614,urban,"art_brut,expressionism,geometric,semi_abstract",painting,landscape
7037,Maria Moretti,1692099,abstract_art,abstract,painting,portait
7037,Maria Moretti,1693981,abstract_art,abstract,painting,portait
7037,Maria Moretti,1699254,abstract_art,abstract,painting,portait
7037,Maria Moretti,1705688,portrait,"expressionism,figurative,pop_art",painting,portait
7037,Maria Moretti,2067830,"conceptual,genre_painting,nature,still_life","fine_art,impressionism,semi_abstract,vintage",painting,landscape
7037,Maria Moretti,1820222,"fashion,pop_culture,portrait,scandal","comics,figurative,oriental_art,pop_art",painting,portait
7037,Maria Moretti,1818240,abstract_art,"aboriginal_art,abstract,oriental_art,vintage",painting,portait
7037,Maria Moretti,1817846,abstract_art,"abstract,impressionism,minimalism,primitivism",painting,landscape
7037,Maria Moretti,2184252,"fantasy,portrait,scandal,vanitas","comics,figurative,pop_art,semi_abstract",print,landscape
7037,Maria Moretti,1815921,"conceptual,historical_political,street_art,urban","abstract,fine_art,semi_abstract,vintage",painting,landscape
7037,Maria Moretti,1813745,"landscape,nature","expressionism,impressionism,realism,semi_abstract",painting,portait
7037,Maria Moretti,2184252,"fantasy,portrait,scandal,vanitas","comics,figurative,pop_art,semi_abstract",print,landscape
7037,Maria Moretti,1811975,"fantasy,genre_painting,portrait,scandal","art_brut,comics,figurative,semi_abstract",painting,landscape
7037,Maria Moretti,1707802,"abstract_art,fantasy","abstract,geometric,oriental_art,vintage",painting,landscape
7037,Maria Moretti,2184663,"fantasy,portrait,scandal,vanitas","comics,figurative,pop_art,semi_abstract",print,landscape
7037,Maria Moretti,1805180,"nature,still_life","abstract,expressionism,fine_art,vintage",painting,landscape
7037,Maria Moretti,1711232,"genre_painting,portrait,scandal,still_life","comics,figurative,pop_art,semi_abstract",painting,portait
7037,Maria Moretti,1714447,abstract_art,abstract,painting,portait
7037,Maria Moretti,1714995,conceptual,"aboriginal_art,oriental_art,other",painting,landscape
7037,Maria Moretti,1716639,"fantasy,nude,scandal","abstract,expressionism,figurative,fine_art",painting,portait
7037,Maria Moretti,2196465,"conceptual,genre_painting,street_art,urban","art_brut,fine_art,realism,semi_abstract",painting,landscape
7037,Maria Moretti,2466618,"nude,still_life","realism,symbolic",drawing,portait
7037,Maria Moretti,1718835,"fashion,historical_political,pop_culture,scandal","comics,figurative,oriental_art,pop_art",painting,portait
7037,Maria Moretti,1308499,abstract_art,abstract,painting,portait
7037,Maria Moretti,1943854,"genre_painting,portrait,scandal,vanitas","abstract,comics,figurative,semi_abstract",painting,portait
7037,Maria Moretti,1951391,"fantasy,genre_painting,urban","art_brut,expressionism,geometric,semi_abstract",painting,landscape
7037,Maria Moretti,1303273,abstract_art,"abstract,minimalism,other",painting,landscape
7037,Maria Moretti,1952660,"abstract_art,fantasy,genre_painting,vanitas","aboriginal_art,abstract,expressionism,fine_art",painting,landscape
7037,Maria Moretti,1953089,"abstract_art,conceptual,genre_painting,vanitas","aboriginal_art,abstract,expressionism,vintage",painting,landscape
7037,Maria Moretti,1958052,"abstract_art,conceptual,genre_painting,vanitas","aboriginal_art,abstract,oriental_art,vintage",painting,landscape
7037,Maria Moretti,1962978,nature,"abstract,fine_art,impressionism,vintage",painting,portait
7037,Maria Moretti,1993482,"nature,still_life","fine_art,impressionism,semi_abstract",painting,landscape
7037,Maria Moretti,1297951,abstract_art,"abstract,minimalism,other",painting,landscape
7037,Maria Moretti,434723,abstract_art,abstract,painting,landscape
7037,Maria Moretti,439595,abstract_art,abstract,painting,landscape
7037,Maria Moretti,1283295,conceptual,abstract,painting,landscape
7037,Maria Moretti,474155,"landscape,nature","expressionism,impressionism,realism,semi_abstract",painting,landscape
7037,Maria Moretti,475077,urban,"art_brut,expressionism,geometric,semi_abstract",painting,landscape
7037,Maria Moretti,1719238,"fashion,genre_painting,historical_political,pop_culture","figurative,oriental_art,pop_art,vintage",painting,portait
7037,Maria Moretti,1719474,"fantasy,genre_painting,portrait,still_life","art_brut,comics,figurative,semi_abstract",painting,portait
7037,Maria Moretti,2266907,"fantasy,portrait,scandal,vanitas","comics,figurative,pop_art,semi_abstract",print,landscape
7037,Maria Moretti,2266907,"fantasy,portrait,scandal,vanitas","comics,figurative,pop_art,semi_abstract",print,landscape
7037,Maria Moretti,1469543,portrait,semi_abstract,painting,portait
7037,Maria Moretti,1480767,"historical_political,street_art,urban,vanitas","art_brut,expressionism,fauvism,semi_abstract",painting,landscape
7037,Maria Moretti,1486129,portrait,semi_abstract,painting,portait
7037,Maria Moretti,1721281,"genre_painting,pop_culture,portrait,vanitas","figurative,pop_art,primitivism,semi_abstract",painting,landscape
7037,Maria Moretti,2263985,"fantasy,portrait,scandal,vanitas","comics,figurative,pop_art,semi_abstract",print,landscape
7037,Maria Moretti,2260598,"landscape,nature","expressionism,impressionism,realism,semi_abstract",painting,landscape
7037,Maria Moretti,1723047,abstract_art,abstract,painting,landscape
7037,Maria Moretti,1724289,abstract_art,abstract,painting,portait
7037,Maria Moretti,1731404,abstract_art,abstract,painting,landscape
7037,Maria Moretti,1732950,"nude,still_life","figurative,realism,symbolic",drawing,portait
7037,Maria Moretti,1495291,"abstract_art,conceptual,religion,still_life","abstract,art_brut,oriental_art,primitivism",painting,portait
7037,Maria Moretti,922741,fantasy,"abstract,expressionism,impressionism,minimalism",painting,landscape
7037,Maria Moretti,922769,nature,fine_art,painting,landscape
7037,Maria Moretti,1736433,"pop_culture,religion,scandal,vanitas","aboriginal_art,figurative,futuristic,pop_art",painting,portait
7037,Maria Moretti,284625,nude,"realism,symbolic",drawing,landscape
7037,Maria Moretti,2590271,"fantasy,genre_painting,urban,vanitas","art_brut,expressionism,semi_abstract,vintage",painting,landscape
7037,Maria Moretti,1738636,"abstract_art,conceptual,fantasy,scandal","abstract,geometric,minimalism,symbolic",painting,portait
7037,Maria Moretti,2008165,"nature,still_life","fine_art,impressionism,minimalism,semi_abstract",painting,landscape
7037,Maria Moretti,1802795,abstract_art,"aboriginal_art,abstract,oriental_art,vintage",painting,portait
7037,Maria Moretti,1802417,abstract_art,"aboriginal_art,abstract,art_brut,expressionism",painting,landscape
7037,Maria Moretti,1800073,"abstract_art,fantasy,street_art,urban","abstract,art_brut,expressionism,semi_abstract",painting,landscape
7037,Maria Moretti,1799675,"abstract_art,fantasy,street_art,urban","abstract,art_brut,expressionism,semi_abstract",painting,portait
7037,Maria Moretti,1799306,"conceptual,fantasy,fashion,nude","abstract,figurative,futuristic,minimalism",painting,portait
7037,Maria Moretti,933309,"abstract_art,genre_painting,scandal,still_life","abstract,art_brut,fine_art,oriental_art",painting,landscape
7037,Maria Moretti,937149,portrait,semi_abstract,painting,landscape
7037,Maria Moretti,941801,nude,figurative,painting,landscape
7037,Maria Moretti,961375,abstract_art,abstract,painting,portait
7037,Maria Moretti,1741940,"abstract_art,conceptual,fantasy,scandal","abstract,expressionism,minimalism,symbolic",painting,portait
7037,Maria Moretti,1798877,"abstract_art,conceptual,fantasy,religion","abstract,minimalism,oriental_art,symbolic",painting,portait
7037,Maria Moretti,1796598,"fantasy,genre_painting,nature,still_life","expressionism,fine_art,realism,vintage",painting,portait
7037,Maria Moretti,1793293,abstract_art,"aboriginal_art,abstract,futuristic,impressionism",painting,landscape
7037,Maria Moretti,1792047,nature,"expressionism,fine_art,semi_abstract,vintage",painting,landscape
7037,Maria Moretti,1790513,"genre_painting,nature,still_life,vanitas","abstract,fine_art,impressionism,semi_abstract",painting,landscape
7037,Maria Moretti,1790063,abstract_art,"abstract,futuristic,primitivism",painting,portait
7037,Maria Moretti,1789652,"conceptual,fantasy,street_art,urban","abstract,art_brut,expressionism,semi_abstract",painting,portait
7037,Maria Moretti,1744715,"landscape,nature","abstract,expressionism,realism,semi_abstract",painting,landscape
7037,Maria Moretti,2203330,"abstract_art,conceptual,genre_painting,vanitas","abstract,minimalism,oriental_art,vintage",painting,landscape
7037,Maria Moretti,1787151,"genre_painting,nude","expressionism,figurative,oriental_art,semi_abstract",painting,landscape
7037,Maria Moretti,1786745,abstract_art,"aboriginal_art,abstract,oriental_art,vintage",painting,landscape
7037,Maria Moretti,1785683,abstract_art,"abstract,expressionism,impressionism,vintage",painting,landscape
7037,Maria Moretti,1748409,"fantasy,pop_culture,portrait,still_life","figurative,naive,pop_art,semi_abstract",painting,portait
7037,Maria Moretti,1756072,"fantasy,pop_culture,portrait,vanitas","abstract,figurative,naive,semi_abstract",painting,landscape
7037,Maria Moretti,1757303,"conceptual,fantasy,nature,still_life","expressionism,fine_art,realism,semi_abstract",painting,landscape
7037,Maria Moretti,1264091,landscape,"expressionism,impressionism,realism,semi_abstract",painting,landscape
7037,Maria Moretti,1258855,abstract_art,abstract,painting,portait
7037,Maria Moretti,2207097,"fantasy,genre_painting,portrait,still_life","abstract,figurative,semi_abstract,vintage",painting,landscape
7037,Maria Moretti,2207653,"pop_culture,portrait,scandal,vanitas","comics,figurative,pop_art,semi_abstract",painting,landscape
7037,Maria Moretti,1246615,portrait,semi_abstract,painting,portait
7037,Maria Moretti,1245031,"genre_painting,portrait,scandal,vanitas","abstract,comics,figurative,semi_abstract",painting,portait
7037,Maria Moretti,1757910,"conceptual,fantasy,still_life,urban","abstract,expressionism,fine_art,semi_abstract",painting,landscape
7037,Maria Moretti,2062198,"fantasy,genre_painting,nature,still_life","expressionism,fine_art,realism,vintage",painting,portait
7037,Maria Moretti,2061034,"fantasy,genre_painting,nature,still_life","expressionism,fine_art,realism,vintage",painting,portait
7037,Maria Moretti,1760739,"conceptual,fantasy,nature,still_life","expressionism,fine_art,realism,semi_abstract",painting,landscape
7037,Maria Moretti,1761412,"fantasy,historical_political,street_art,urban","abstract,expressionism,semi_abstract,vintage",painting,landscape
7037,Maria Moretti,1761772,"conceptual,historical_political,street_art,urban","abstract,fine_art,semi_abstract,vintage",painting,landscape
7037,Maria Moretti,1764355,"fantasy,portrait,scandal,still_life","abstract,figurative,pop_art,semi_abstract",painting,landscape
7037,Maria Moretti,1765546,"genre_painting,pop_culture,portrait,scandal","comics,figurative,pop_art,semi_abstract",painting,landscape
7037,Maria Moretti,1765928,"nude,religion,scandal,still_life","figurative,fine_art,symbolic,vintage",drawing,portait
7037,Maria Moretti,1767220,abstract_art,"abstract,expressionism,oriental_art,vintage",painting,landscape
7037,Maria Moretti,2005191,"conceptual,genre_painting,nature,still_life","abstract,fine_art,semi_abstract,vintage",painting,landscape
7037,Maria Moretti,2250192,"fashion,genre_painting,nude,religion","aboriginal_art,figurative,oriental_art,semi_abstract",painting,landscape
7037,Maria Moretti,1767619,abstract_art,"aboriginal_art,abstract,fine_art,futuristic",painting,landscape
7037,Maria Moretti,1768607,"fantasy,genre_painting,nude,religion","abstract,figurative,oriental_art,semi_abstract",painting,landscape
7037,Maria Moretti,1769088,"fashion,historical_political,nude,still_life","figurative,minimalism,semi_abstract,vintage",painting,landscape
7037,Maria Moretti,2245588,"fantasy,portrait,scandal,vanitas","comics,figurative,pop_art,semi_abstract",print,portait
7037,Maria Moretti,2243527,"fantasy,nude,scandal,vanitas","figurative,impressionism,semi_abstract,symbolic",painting,portait
7037,Maria Moretti,253083,nude,figurative,painting,landscape
7037,Maria Moretti,252967,abstract_art,abstract,painting,portait
7037,Maria Moretti,252913,conceptual,"aboriginal_art,abstract,other",painting,landscape
7037,Maria Moretti,252867,conceptual,abstract,painting,landscape
7037,Maria Moretti,2235655,"abstract_art,conceptual,fantasy,still_life","abstract,fine_art,futuristic,geometric",painting,portait
7037,Maria Moretti,1770926,abstract_art,"aboriginal_art,abstract,fine_art,futuristic",painting,landscape
7037,Maria Moretti,2232726,"abstract_art,conceptual,fantasy,scandal","abstract,expressionism,minimalism,symbolic",painting,portait
7037,Maria Moretti,1772699,"genre_painting,historical_political,street_art,urban","expressionism,fine_art,geometric,semi_abstract",painting,landscape
7037,Maria Moretti,237519,nude,figurative,painting,landscape
7037,Maria Moretti,237515,portrait,semi_abstract,painting,landscape
7037,Maria Moretti,237511,abstract_art,semi_abstract,painting,landscape
7037,Maria Moretti,1772716,"fantasy,genre_painting,street_art,urban","art_brut,expressionism,geometric,semi_abstract",painting,portait
7037,Maria Moretti,1772731,"fantasy,genre_painting,street_art,urban","abstract,art_brut,expressionism,semi_abstract",painting,landscape
7037,Maria Moretti,1779016,"fantasy,genre_painting,pop_culture,portrait","art_brut,figurative,pop_art,semi_abstract",painting,landscape
7037,Maria Moretti,1779539,abstract_art,"aboriginal_art,abstract,oriental_art,vintage",painting,portait
7037,Maria Moretti,221641,portrait,figurative,painting,landscape
7037,Maria Moretti,221627,abstract_art,abstract,painting,portait
7037,Maria Moretti,219785,abstract_art,abstract,painting,portait
7037,Maria Moretti,219749,abstract_art,abstract,painting,landscape
7037,Maria Moretti,219743,abstract_art,abstract,painting,landscape
7037,Maria Moretti,218765,"pop_culture,portrait,scandal,vanitas","comics,figurative,pop_art,semi_abstract",painting,landscape
7037,Maria Moretti,2439276,"abstract_art,conceptual,fantasy,vanitas","abstract,futuristic,primitivism",painting,landscape
7037,Maria Moretti,1780990,"fashion,nude,scandal,still_life","abstract,figurative,semi_abstract,vintage",painting,landscape
7037,Maria Moretti,963375,abstract_art,abstract,painting,landscape
7037,Maria Moretti,965249,nude,figurative,painting,landscape
7037,Maria Moretti,965881,nude,figurative,painting,landscape
7037,Maria Moretti,972903,abstract_art,abstract,painting,landscape
7037,Maria Moretti,979629,abstract_art,abstract,painting,landscape
7037,Maria Moretti,987727,abstract_art,abstract,painting,landscape
7037,Maria Moretti,989597,abstract_art,abstract,painting,landscape
7037,Maria Moretti,990795,abstract_art,abstract,painting,landscape
7037,Maria Moretti,990927,nature,fine_art,painting,landscape
7037,Maria Moretti,1104917,"fantasy,genre_painting,urban,vanitas","art_brut,expressionism,semi_abstract,vintage",painting,landscape
7037,Maria Moretti,997561,"landscape,nature","expressionism,impressionism,realism,semi_abstract",painting,landscape
7037,Maria Moretti,516959,abstract_art,abstract,painting,landscape
7037,Maria Moretti,519063,abstract_art,"abstract,expressionism",painting,portait
7037,Maria Moretti,2230325,"abstract_art,conceptual,fantasy,still_life","abstract,fine_art,futuristic,geometric",painting,landscape
7037,Maria Moretti,1106553,abstract_art,"abstract,impressionism,minimalism,primitivism",painting,landscape
7037,Maria Moretti,1110815,nature,fine_art,painting,landscape
7037,Maria Moretti,1042337,"genre_painting,nude,scandal,vanitas","expressionism,figurative,fine_art,semi_abstract",painting,landscape
7037,Maria Moretti,1119425,nude,figurative,painting,landscape
7037,Maria Moretti,1036153,"fantasy,street_art,urban,vanitas","art_brut,expressionism,fauvism,semi_abstract",painting,landscape
7037,Maria Moretti,1121451,abstract_art,abstract,painting,portait
7037,Maria Moretti,1124089,abstract_art,abstract,painting,landscape
7037,Maria Moretti,1035059,abstract_art,"aboriginal_art,abstract,fine_art,minimalism",painting,landscape
7037,Maria Moretti,997895,abstract_art,abstract,painting,landscape
7037,Maria Moretti,1221665,"landscape,nature","expressionism,impressionism,realism,semi_abstract",painting,landscape
7037,Maria Moretti,1027587,urban,"art_brut,expressionism,geometric,semi_abstract",painting,landscape
7037,Maria Moretti,1216573,abstract_art,"abstract,expressionism,minimalism,primitivism",painting,landscape
7037,Maria Moretti,1215875,nature,fine_art,painting,landscape
7037,Maria Moretti,998637,urban,"abstract,expressionism,geometric,semi_abstract",painting,landscape
7037,Maria Moretti,999797,abstract_art,abstract,painting,landscape
7037,Maria Moretti,1006729,urban,"abstract,expressionism,geometric,semi_abstract",painting,landscape
7037,Maria Moretti,1007525,portrait,"expressionism,figurative,pop_art",painting,landscape
7037,Maria Moretti,1008435,fantasy,"abstract,expressionism,fauvism,impressionism",painting,landscape
7037,Maria Moretti,1191895,abstract_art,abstract,painting,landscape
7037,Maria Moretti,1143113,nude,figurative,painting,landscape
7037,Maria Moretti,1507601,"nude,still_life","realism,symbolic",drawing,landscape
7037,Maria Moretti,1509013,"nude,still_life","realism,symbolic",drawing,portait
7037,Maria Moretti,1510535,"landscape,nature","expressionism,impressionism,realism,semi_abstract",painting,landscape
7037,Maria Moretti,1182741,abstract_art,abstract,painting,landscape
7037,Maria Moretti,1175071,portrait,semi_abstract,painting,landscape
7037,Maria Moretti,1514252,portrait,semi_abstract,painting,landscape
7037,Maria Moretti,1516833,conceptual,abstract,painting,landscape
7037,Maria Moretti,1517754,fantasy,"abstract,expressionism,impressionism,minimalism",painting,landscape
7037,Maria Moretti,1521424,portrait,semi_abstract,painting,landscape
7037,Maria Moretti,1524494,"nude,still_life","expressionism,figurative,realism,symbolic",drawing,landscape
7037,Maria Moretti,1160463,nude,figurative,painting,landscape
7037,Maria Moretti,1156139,"fantasy,pop_culture,portrait,still_life","abstract,figurative,pop_art,semi_abstract",painting,landscape
7037,Maria Moretti,918035,abstract_art,abstract,painting,landscape
18921,Esteban Vera,622967,"genre_painting,pop_culture,portrait,street_art","expressionism,figurative,fine_art,pop_art",painting,portait
18921,Esteban Vera,751521,"fantasy,genre_painting,pop_culture,street_art","expressionism,figurative,pop_art,symbolic",painting,portait
18921,Esteban Vera,1219539,"fantasy,historical_political,pop_culture,street_art","cubism,figurative,fine_art,symbolic",painting,landscape
18921,Esteban Vera,674431,"fantasy,pop_culture,street_art","figurative,pop_art",painting,portait
18921,Esteban Vera,1128875,"fantasy,pop_culture,street_art","figurative,pop_art",painting,landscape
18921,Esteban Vera,1565271,"genre_painting,pop_culture,still_life,street_art","figurative,pop_art",painting,portait
18921,Esteban Vera,2289008,"genre_painting,pop_culture,still_life,street_art","figurative,minimalism,pop_art",painting,portait
18921,Esteban Vera,1899657,"landscape,pop_culture,still_life,street_art","figurative,impressionism,pop_art",painting,portait
18921,Esteban Vera,2218274,"genre_painting,pop_culture,still_life,street_art","abstract,minimalism,pop_art",painting,portait
18921,Esteban Vera,1805102,"genre_painting,pop_culture,still_life,street_art","figurative,pop_art",painting,portait
18921,Esteban Vera,1835895,"genre_painting,pop_culture,still_life,street_art","figurative,pop_art",painting,portait
18921,Esteban Vera,1835899,"genre_painting,pop_culture,still_life,street_art","figurative,pop_art",painting,portait
18921,Esteban Vera,1569893,"genre_painting,pop_culture,still_life,street_art","figurative,pop_art",painting,portait
18921,Esteban Vera,1571887,"genre_painting,pop_culture,still_life,street_art","figurative,pop_art",painting,portait
18921,Esteban Vera,995777,"fantasy,pop_culture,portrait,street_art","comics,figurative,pop_art,symbolic",painting,portait
18921,Esteban Vera,876577,"fantasy,pop_culture,portrait,street_art","comics,figurative,pop_art,symbolic",painting,portait
18921,Esteban Vera,1842061,"abstract_art,genre_painting,pop_culture,street_art","abstract,fine_art,geometric,pop_art",painting,portait
18921,Esteban Vera,1734597,"architecture,conceptual,fantasy","assemblage,freestanding,object",sculpture,portait
18921,Esteban Vera,627243,"fantasy,pop_culture,street_art","comics,figurative,pop_art,symbolic",painting,portait
18921,Esteban Vera,1737998,"genre_painting,pop_culture,still_life,street_art","figurative,pop_art",painting,portait
18921,Esteban Vera,622721,"fantasy,pop_culture,street_art","figurative,pop_art",painting,portait
18921,Esteban Vera,622715,"fantasy,pop_culture,street_art","expressionism,figurative,pop_art,symbolic",painting,portait
18921,Esteban Vera,1275055,"fantasy,pop_culture,street_art","figurative,pop_art",painting,landscape
18921,Esteban Vera,1241877,"fantasy,pop_culture,still_life,street_art","comics,figurative,pop_art",painting,portait
18921,Esteban Vera,1760232,"genre_painting,pop_culture,still_life,street_art","expressionism,figurative,pop_art,symbolic",painting,portait
18921,Esteban Vera,622801,"fantasy,genre_painting,pop_culture,street_art","comics,figurative,pop_art,symbolic",painting,portait
18921,Esteban Vera,2254540,"fashion,pop_culture,still_life,street_art","abstract,fine_art,pop_art",painting,portait
18921,Esteban Vera,856489,"fantasy,genre_painting,pop_culture,street_art","figurative,fine_art,pop_art,symbolic",painting,landscape
18921,Esteban Vera,1900589,"landscape,pop_culture,still_life,street_art","figurative,impressionism,pop_art",painting,portait
18921,Esteban Vera,1401681,"fantasy,pop_culture,street_art","figurative,pop_art",painting,landscape
18921,Esteban Vera,1012425,"fantasy,pop_culture,street_art","figurative,pop_art",painting,portait
50224,Ilja Freer,2246659,abstract_art,abstract,painting,portait
50224,Ilja Freer,2175941,abstract_art,"abstract,geometric",painting,portait
50224,Ilja Freer,2375926,abstract_art,"abstract,geometric",painting,portait
50224,Ilja Freer,2039431,abstract_art,"abstract,geometric",painting,portait
50224,Ilja Freer,2046952,abstract_art,"abstract,futuristic",painting,portait
50224,Ilja Freer,2049181,abstract_art,abstract,painting,portait
50224,Ilja Freer,2213438,abstract_art,"abstract,geometric",painting,portait
50224,Ilja Freer,2383928,abstract_art,abstract,painting,landscape
50224,Ilja Freer,2317696,abstract_art,abstract,painting,landscape
50224,Ilja Freer,2170268,abstract_art,abstract,painting,landscape
50224,Ilja Freer,2320842,abstract_art,"abstract,geometric",painting,portait
50224,Ilja Freer,2308967,abstract_art,"abstract,geometric",painting,landscape
50224,Ilja Freer,2303335,abstract_art,"abstract,geometric",painting,portait
50224,Ilja Freer,2327035,abstract_art,"abstract,geometric",painting,portait
50224,Ilja Freer,2133018,"abstract_art,marine,nature",abstract,painting,portait
50224,Ilja Freer,2133015,abstract_art,"abstract,geometric",painting,landscape
50224,Ilja Freer,2416470,abstract_art,"abstract,geometric",painting,portait
50224,Ilja Freer,2335931,abstract_art,freestanding,sculpture,portait
50224,Ilja Freer,2425352,abstract_art,"abstract,geometric",painting,portait
50224,Ilja Freer,2336717,abstract_art,"abstract,geometric",painting,landscape
50224,Ilja Freer,2137074,abstract_art,abstract,painting,landscape
50224,Ilja Freer,2257012,abstract_art,"abstract,expressionism,geometric",painting,portait
50224,Ilja Freer,2035518,"abstract_art,fashion","abstract,minimalism",painting,portait
50224,Ilja Freer,2259152,abstract_art,"abstract,geometric",painting,portait
50224,Ilja Freer,2231695,abstract_art,abstract,painting,portait
50224,Ilja Freer,2137029,abstract_art,abstract,painting,portait
50224,Ilja Freer,2513571,abstract_art,"abstract,geometric",painting,portait
50224,Ilja Freer,2035506,abstract_art,"abstract,geometric,minimalism",painting,portait
50224,Ilja Freer,2507342,abstract_art,"abstract,geometric",painting,landscape
50224,Ilja Freer,2214716,abstract_art,abstract,painting,portait
50224,Ilja Freer,2029883,"abstract_art,nature",abstract,painting,portait
50224,Ilja Freer,2224862,abstract_art,abstract,painting,portait
50224,Ilja Freer,2217673,abstract_art,"abstract,geometric",painting,landscape
50224,Ilja Freer,2184256,abstract_art,abstract,painting,portait
50224,Ilja Freer,2289097,abstract_art,"abstract,geometric",painting,portait
50224,Ilja Freer,2068368,abstract_art,abstract,painting,portait
50224,Ilja Freer,2221626,abstract_art,"abstract,geometric",painting,portait
50224,Ilja Freer,2279386,abstract_art,abstract,painting,portait
50224,Ilja Freer,2277895,abstract_art,"abstract,geometric,minimalism",painting,landscape
50224,Ilja Freer,2599664,abstract_art,"abstract,geometric",painting,landscape
50224,Ilja Freer,2018805,abstract_art,abstract,painting,portait
50224,Ilja Freer,2049190,abstract_art,abstract,painting,portait
59212,Nataliya Rozhdestvenskaya,2101937,"genre_painting,landscape,marine,nature","expressionism,figurative,impressionism,realism",painting,portait
59212,Nataliya Rozhdestvenskaya,2182260,"genre_painting,landscape,marine,nature","expressionism,figurative,impressionism,realism",painting,portait
59212,Nataliya Rozhdestvenskaya,2095523,"genre_painting,landscape,marine,nature","expressionism,figurative,impressionism,realism",painting,landscape
59212,Nataliya Rozhdestvenskaya,2180940,"animals,conceptual,genre_painting,portrait","figurative,impressionism,surrealism,symbolic",painting,portait
59212,Nataliya Rozhdestvenskaya,2092434,"genre_painting,landscape,nature","expressionism,figurative,impressionism,realism",painting,portait
59212,Nataliya Rozhdestvenskaya,2177969,"animals,conceptual,genre_painting,pop_culture","comics,expressionism,figurative,pop_art",painting,portait
59212,Nataliya Rozhdestvenskaya,2091239,"abstract_art,conceptual,genre_painting,portrait","abstract,expressionism,surrealism,symbolic",painting,portait
59212,Nataliya Rozhdestvenskaya,2090879,"genre_painting,landscape,nature","figurative,impressionism,realism",painting,portait
59212,Nataliya Rozhdestvenskaya,2087857,"abstract_art,conceptual,portrait","expressionism,figurative,impressionism,vintage",painting,portait
59212,Nataliya Rozhdestvenskaya,2085426,"landscape,nature","expressionism,figurative,impressionism,realism",painting,portait
59212,Nataliya Rozhdestvenskaya,2068023,"animals,conceptual,landscape,nature","expressionism,figurative,realism,symbolic",painting,portait
59212,Nataliya Rozhdestvenskaya,2289497,"genre_painting,landscape,marine,urban","expressionism,figurative,impressionism,realism",painting,portait
59212,Nataliya Rozhdestvenskaya,2290237,"genre_painting,landscape,marine,nature","expressionism,figurative,impressionism,realism",painting,portait
59212,Nataliya Rozhdestvenskaya,2297645,"genre_painting,landscape,nature","expressionism,figurative,impressionism,realism",painting,portait
59212,Nataliya Rozhdestvenskaya,2184862,"genre_painting,landscape,marine,nature","expressionism,figurative,impressionism,realism",painting,portait
59212,Nataliya Rozhdestvenskaya,2188053,"genre_painting,landscape,nature","figurative,impressionism,realism",painting,portait
59212,Nataliya Rozhdestvenskaya,2191469,"landscape,nature","expressionism,figurative,impressionism,realism",painting,portait
59212,Nataliya Rozhdestvenskaya,2467025,"conceptual,fantasy,fashion,genre_painting","abstract,expressionism,figurative,symbolic",painting,portait
59212,Nataliya Rozhdestvenskaya,2474727,"conceptual,fantasy,fashion,genre_painting","abstract,expressionism,figurative,symbolic",painting,portait
59212,Nataliya Rozhdestvenskaya,2480918,"conceptual,fantasy,fashion,genre_painting","abstract,expressionism,figurative,symbolic",painting,portait
59212,Nataliya Rozhdestvenskaya,2196620,"conceptual,genre_painting,landscape,nature","expressionism,figurative,impressionism,realism",painting,portait
59212,Nataliya Rozhdestvenskaya,2273869,"genre_painting,landscape,nature","expressionism,figurative,impressionism,realism",painting,portait
59212,Nataliya Rozhdestvenskaya,2267820,"conceptual,genre_painting,nature","figurative,impressionism,surrealism,symbolic",painting,portait
59212,Nataliya Rozhdestvenskaya,2265232,"conceptual,genre_painting,still_life","expressionism,figurative,impressionism,realism",painting,portait
59212,Nataliya Rozhdestvenskaya,2260287,"animals,genre_painting,landscape,nature","expressionism,figurative,impressionism,realism",painting,portait
59212,Nataliya Rozhdestvenskaya,2108627,"genre_painting,landscape,nature,still_life","expressionism,figurative,impressionism,realism",painting,portait
59212,Nataliya Rozhdestvenskaya,2120199,"genre_painting,landscape,marine,urban","expressionism,figurative,impressionism,realism",painting,portait
59212,Nataliya Rozhdestvenskaya,2129879,"genre_painting,landscape,nature","expressionism,figurative,impressionism,realism",painting,portait
59212,Nataliya Rozhdestvenskaya,2131724,"genre_painting,landscape,marine,nature","expressionism,figurative,impressionism,realism",painting,portait
59212,Nataliya Rozhdestvenskaya,2132318,"conceptual,genre_painting,historical_political,portrait","figurative,oriental_art,surrealism,symbolic",painting,portait
59212,Nataliya Rozhdestvenskaya,2259105,"genre_painting,landscape,marine,urban","expressionism,figurative,impressionism,realism",painting,portait
59212,Nataliya Rozhdestvenskaya,2132972,"genre_painting,landscape,marine,nature","figurative,minimalism,realism,symbolic",painting,portait
59212,Nataliya Rozhdestvenskaya,2199481,"genre_painting,landscape,nature,still_life","expressionism,figurative,impressionism,realism",painting,portait
59212,Nataliya Rozhdestvenskaya,2202773,"conceptual,nature,portrait","expressionism,figurative,symbolic",painting,portait
59212,Nataliya Rozhdestvenskaya,2134706,"abstract_art,genre_painting,landscape,nature","expressionism,figurative,impressionism,realism",painting,portait
59212,Nataliya Rozhdestvenskaya,2135574,"genre_painting,landscape,marine,nature","expressionism,figurative,impressionism,realism",painting,portait
59212,Nataliya Rozhdestvenskaya,2302145,"genre_painting,landscape,nature","expressionism,figurative,impressionism,realism",painting,portait
59212,Nataliya Rozhdestvenskaya,2205687,"animals,conceptual,fashion,pop_culture","comics,expressionism,figurative,pop_art",painting,portait
59212,Nataliya Rozhdestvenskaya,2303632,"genre_painting,landscape,marine,nature","expressionism,figurative,impressionism,realism",painting,portait
59212,Nataliya Rozhdestvenskaya,2308816,"conceptual,fantasy,genre_painting,portrait","expressionism,figurative,surrealism,symbolic",painting,portait
59212,Nataliya Rozhdestvenskaya,2206971,"animals,conceptual,genre_painting,pop_culture","comics,expressionism,figurative,pop_art",painting,portait
59212,Nataliya Rozhdestvenskaya,2312622,"genre_painting,landscape,marine,nature","expressionism,figurative,impressionism,realism",painting,landscape
59212,Nataliya Rozhdestvenskaya,2057343,"landscape,nature,still_life","figurative,minimalism,realism,symbolic",painting,portait
59212,Nataliya Rozhdestvenskaya,2387808,"genre_painting,landscape,marine,nature","figurative,fine_art,impressionism,realism",painting,landscape
59212,Nataliya Rozhdestvenskaya,2053394,"conceptual,fashion,portrait","abstract,expressionism,figurative,impressionism",painting,portait
59212,Nataliya Rozhdestvenskaya,2255064,"conceptual,fantasy,fashion,genre_painting","expressionism,metaphysical,oriental_art,symbolic",painting,portait
59212,Nataliya Rozhdestvenskaya,2249724,"conceptual,fashion,genre_painting,portrait","figurative,minimalism,surrealism,symbolic",painting,portait
59212,Nataliya Rozhdestvenskaya,2241254,"genre_painting,landscape,nature","expressionism,figurative,impressionism,realism",painting,portait
59212,Nataliya Rozhdestvenskaya,2249001,"genre_painting,landscape,nature","figurative,impressionism,minimalism,realism",painting,landscape
59212,Nataliya Rozhdestvenskaya,2211059,"genre_painting,landscape,marine,nature","expressionism,figurative,impressionism,realism",painting,portait
59212,Nataliya Rozhdestvenskaya,2234663,"genre_painting,marine,nature,still_life","expressionism,figurative,impressionism,realism",painting,portait
59212,Nataliya Rozhdestvenskaya,2175703,"animals,conceptual,fashion,pop_culture","comics,expressionism,figurative,pop_art",painting,portait
59212,Nataliya Rozhdestvenskaya,2392352,"genre_painting,landscape,nature","expressionism,figurative,impressionism,realism",painting,landscape
59212,Nataliya Rozhdestvenskaya,2161640,"animals,genre_painting,landscape,nature","expressionism,figurative,impressionism,realism",painting,portait
59212,Nataliya Rozhdestvenskaya,2161242,"conceptual,genre_painting,landscape,nature","expressionism,figurative,impressionism,realism",painting,landscape
59212,Nataliya Rozhdestvenskaya,2158577,"abstract_art,genre_painting,landscape,nature","expressionism,figurative,impressionism,realism",painting,portait
59212,Nataliya Rozhdestvenskaya,2401309,"genre_painting,landscape,marine,nature","expressionism,figurative,impressionism,realism",painting,portait
59212,Nataliya Rozhdestvenskaya,2410728,"genre_painting,landscape,marine,nature","expressionism,figurative,impressionism,realism",painting,portait
59212,Nataliya Rozhdestvenskaya,2141892,"abstract_art,conceptual,fashion,portrait","abstract,expressionism,impressionism,realism",painting,portait
59212,Nataliya Rozhdestvenskaya,2140254,"conceptual,genre_painting,nude,portrait","figurative,impressionism,realism,symbolic",painting,portait
59212,Nataliya Rozhdestvenskaya,2232254,"conceptual,genre_painting,landscape,nature","figurative,impressionism,realism,symbolic",painting,portait
59212,Nataliya Rozhdestvenskaya,2437696,"genre_painting,landscape,nature","expressionism,figurative,impressionism,realism",painting,portait
59212,Nataliya Rozhdestvenskaya,2138683,"genre_painting,landscape,nature,still_life","expressionism,figurative,impressionism,realism",painting,portait
59212,Nataliya Rozhdestvenskaya,2340372,"conceptual,marine,nature,portrait","expressionism,figurative,impressionism,symbolic",painting,portait
59212,Nataliya Rozhdestvenskaya,2442502,"genre_painting,landscape,marine,nature","expressionism,figurative,impressionism,realism",painting,portait
59212,Nataliya Rozhdestvenskaya,2230333,"abstract_art,genre_painting,landscape,nature","abstract,expressionism,figurative,realism",painting,portait
59212,Nataliya Rozhdestvenskaya,2213901,"genre_painting,landscape,marine,nature","expressionism,figurative,impressionism,realism",painting,portait
59212,Nataliya Rozhdestvenskaya,2214622,"genre_painting,landscape,nature,urban","expressionism,figurative,impressionism,realism",painting,portait
59212,Nataliya Rozhdestvenskaya,2218949,"abstract_art,conceptual,portrait","expressionism,figurative,impressionism,vintage",painting,portait
59212,Nataliya Rozhdestvenskaya,2222348,"genre_painting,landscape,marine,nature","expressionism,figurative,impressionism,realism",painting,portait
59212,Nataliya Rozhdestvenskaya,2523837,"genre_painting,landscape,marine,nature","expressionism,figurative,impressionism,realism",painting,portait
59212,Nataliya Rozhdestvenskaya,2223629,"genre_painting,landscape,marine,nature","expressionism,figurative,impressionism,realism",painting,portait
59212,Nataliya Rozhdestvenskaya,2541676,"genre_painting,landscape,marine,nature","figurative,fine_art,impressionism,realism",painting,landscape
59212,Nataliya Rozhdestvenskaya,2564631,"genre_painting,marine,nature,still_life","figurative,impressionism,realism",painting,portait
59212,Nataliya Rozhdestvenskaya,2574439,"genre_painting,landscape,marine,nature","expressionism,figurative,impressionism,realism",painting,portait
59212,Nataliya Rozhdestvenskaya,2101937,"genre_painting,landscape,marine,nature","expressionism,figurative,impressionism,realism",painting,portait